SKU,MSKU,Marketplace,Quantity
CSTE_0545_ST_Animal_Breathing_Dog_B_2,CSTE_DOG_BREATHING_TOY,Amazon,1
Breathing_Lilo_Stich_Blue,CSTE_STITCH_BLUE,Amazon,1
Storage_Box_white_2,CSTE_STORAGE_WHITE_2,Amazon,1
Storage_Box_white_4,CSTE_STORAGE_WHITE_4,Amazon,1
CSTE_O0446_OT_Glue_Sand_Rubber_Pig,CSTE_PIG_GLUE_SAND,Amazon,1
CSTE_0355_Wands_Harrypotter_light_SG,CSTE_HP_WAND_LIGHT,Amazon,1
MB_StarWars_|BLK,CSTE_MB_STARWARS_BLACK,Amazon,1
Breathing_Otter_Pink,CSTE_OTTER_PINK,Amazon,1
Minecraft_Small_Sword_Steve,CSTE_MINECRAFT_SWORD_SMALL,Amazon,1
CSTE_0322_ST_Axolotl_Blue,CSTE_AXOLOTL_BLUE,Amazon,1
CSTE_0490_ST_Fruit_Blox_Shadow,CSTE_FRUIT_SHADOW_BLOX,Amazon,1
CSTE_0470_ST_Minecraft_Sword_Small,CSTE_MINECRAFT_SWORD_MINI,Amazon,1
light_wand_dumbledore,CSTE_DUMBLEDORE_LIGHT_WAND,Amazon,1
CSTE_0333_Wands_Dumbledore_Light,CSTE_DUMBLEDORE_LIGHT,Amazon,1
CSTE_0484_ST_Animal_Kaonashi_Ghost_Black,CSTE_KAONASHI_BLACK,Amazon,1
Dumbledore_wand_musicbox,CSTE_DUMBLEDORE_MB,Amazon,1
CSTE_0251_SG_ButterFly_LightgreenPink,CSTE_SUNGLASS_BUTTERFLY_LGREENPINK,Flipkart,1
CSTE_0489_ST_Fruit_Blox_Light,CSTE_FRUIT_LIGHT_BLOX,Amazon,1
CSTE_0301_MB_Mahogany_21Notes_Brown,CSTE_KALIMBA_MAHOGANY_21,Amazon,1
Breathing_Otter_D_Brown,CSTE_OTTER_DARKBROWN,Amazon,1
